<?xml version="1.0" encoding="UTF-8" standalone="yes"?>
<addon id="plugin.video.stream-cinema-2" name="Stream Cinema 2.0 CZ/SK" version="0.0.1" provider-name="hotshot.sk">
    <requires>
        <import addon="xbmc.python" version="2.26.0"/>
        <import addon="script.module.requests" version="2.22.0"/>
        <import addon="script.module.stream.resolver" version="1.6.62" />
        <import addon="script.module.simplecache" version="1.0.18" />
    </requires>
    <extension point="xbmc.python.pluginsource" library="addon.py">
        <provides>video</provides>
    </extension>
    <extension point="xbmc.addon.metadata">
        <summary lang="en_GB">Stream Cinema 2.0 CZ/SK - play content from web storage</summary>
        <summary lang="sk_SK">Stream Cinema 2.0 CZ/SK - prehrávanie obsahu z webového úložiska</summary>
        <summary lang="cs_CZ">Stream Cinema 2.0 CZ/SK - přehrávání obsahu z webového úložiště</summary>
        <description lang="en_GB"></description>
        <language></language> <!-- the language of the videos or other content the plugin provides, may be omitted in case the addon does not provide any content -->
        <platform>all</platform>
        <license>GPL 2.0</license>
        <forum></forum> <!-- may be omitted  -->
        <website></website> <!-- the url of the website that contains the videos (or the official website of your plugin). May be omitted.  -->
        <email></email> <!-- may be omitted  -->
        <source></source>
        <news></news>
        <assets>
            <icon>resources/icon.png</icon>
            <fanart>resources/fanart.jpg</fanart>
            <banner></banner> <!-- optional -->
            <clearlogo></clearlogo> <!-- optional  -->
            <screenshot></screenshot> <!-- optional, max 10  -->
        </assets>
        <disclaimer lang="en">The author of this addon do not host any of the content which is found and have no affiliation with of the content providers. This addon simply search on web storages for content. Use at your own risk!</disclaimer>
        <disclaimer lang="sk">Autor tohto addonu nemá žiaden obsah, ktorý sa v ňom nachádza a nemá žiadnu príslušnosť k poskytovateľovi obsahu. Tento addon iba vyhľadá obsah na web uloziskach. Používajte na vlastné riziko!</disclaimer>
        <disclaimer lang="cs">Autor tohto addonu nemá žáden obsah, který se v ňem nachází a nemá žádnou příslušnost k poskytovateli obsahu. Tento addon jen vyhledává obsah na webovych uloziskach. Používejte na vlastní riziko!</disclaimer>
    </extension>
</addon>